Workbook

Sheet Титул
B2: ЛОКАЛЬНАЯ СМЕТА · ТОЛЬКО РАБОТЫ
B6: Объект Симагино
B7: Электрика, стены 1 этажа, откосы, подоконники, короб над печкой, котельная
B8: ЛС-СИМ-01 от 05.10.2026 · материалы в смету не входят
B10: Объект | D10: Симагино
B11: Состав | D11: 14 работ из перечня. Только работа, без материалов и оборудования
B12: Не входит | D12: Заделка штраб, покраска, обои, лак подоконников, монтаж и пуск котла
B13: Не входит | D13: Электроподключение бойлера, новый щит, потолки, 2 этаж, вывоз мусора
B14: Объёмы | D14: Договорные, приняты под фиксированный итог. Лист «Объёмы»
B15: Пересчёт | D15: Если количество на объекте иное: новое количество × расценка строки
B16: Срок сметы | D16: 30 календарных дней
B17: НДС | D17: Не выделен. При работе с НДС сумма считается отдельно
B19: ИТОГО РАБОТЫ
B20: =Смета!F33
B21: без материалов и оборудования
B22: Двести тридцать тысяч рублей 00 копеек
B24: Разделы
B25: 1. Электромонтажные работы | F25: =Смета!F13
B26: 2. Подготовка стен, 1 этаж | F26: =Смета!F19
B27: 3. Откосы, подоконники, короб над печкой | F27: =Смета!F25
B28: 4. Котельная: трубы, коллекторы, бойлер | F28: =Смета!F31
B30: ВХОДИТ | E30: НЕ ВХОДИТ
B31: 1. Вмазка коробок, штробление и прокладка проводов | E31: 1. Материалы, кабель, трубы, шпаклёвка, грунт, подоконники
B32: 2. Демонтаж 2-го щита, прозвонка и распайка коробок | E32: 2. Заделка штраб штукатуркой
B33: 3. Грунтовка, шпаклёвка в 2 слоя и вышкуривание стен 1 этажа | E33: 3. Покраска, обои, масло и лак подоконников
B34: 4. Откосы дверного блока и монтаж дубовых подоконников | E34: 4. Монтаж, обвязка и пуск котла
B35: 5. Короб над печкой | E35: 5. Электроподключение бойлера и сборка нового щита
B36: 6. Трубы до котла, коллекторы с фильтром, обвязка бойлера | E36: 6. Потолки, второй этаж и вывоз мусора
B38: Заказчик | E38: Исполнитель
B39: ______________________________ | E39: ______________________________
B40: подпись, расшифровка | E40: подпись, расшифровка
B42: Смета составлена по перечню работ на объект Симагино и фиксирует стоимость работ 230 000 ₽. Замер помещений в документ не входил: объёмы на листе «Объёмы» договорные.

Sheet Сводка
B1: СВОДКА · СИМАГИНО · ТОЛЬКО РАБОТЫ
B4: Раздел | C4: Сумма, ₽ | D4: Доля
B5: 1. Электромонтажные работы | C5: =Смета!F13 | D5: =IF(Смета!F33=0,0,C5/Смета!F33) | L5: Электрика
B6: 2. Подготовка стен, 1 этаж | C6: =Смета!F19 | D6: =IF(Смета!F33=0,0,C6/Смета!F33) | L6: Стены 1 этажа
B7: 3. Откосы, подоконники, короб над печкой | C7: =Смета!F25 | D7: =IF(Смета!F33=0,0,C7/Смета!F33) | L7: Откосы и короб
B8: 4. Котельная: трубы, коллекторы, бойлер | C8: =Смета!F31 | D8: =IF(Смета!F33=0,0,C8/Смета!F33) | L8: Котельная
B9: Итого работы | C9: =Смета!F33 | D9: 100%
B11: Двести тридцать тысяч рублей 00 копеек
B13: Как читать сводку
B14: 1. В итог входят только 14 работ из задания. Ни одна посторонняя работа не добавлена.
B15: 2. Крупные строки — штробление с прокладкой провода и шпаклёвка стен в два слоя.
B16: 3. Электромонтаж и подготовка стен вместе дают большую часть суммы.
B17: 4. Котельная — трубы до котла, коллекторный узел с фильтром и обвязка бойлера.
B18: 5. Количество в смете можно заменить: сумма строки и итог пересчитаются сами.

Sheet Смета
A1: ЛОКАЛЬНАЯ СМЕТА НА РАБОТЫ · ЛС-СИМ-01 · ОБЪЕКТ СИМАГИНО
A3: Только работы. Материалы, оборудование и крепёж в итог не входят.
A5: № | B5: Наименование работ | C5: Ед. изм. | D5: Кол-во | E5: Расценка, ₽ | F5: Сумма, ₽ | G5: Что входит в строку
A6: 1 | B6: Электромонтажные работы
A7: Завершение электрики по уже намеченным трассам. Новый щит не собирается.
A8: 1.1 | B8: Вмазка коробок | C8: шт. | D8: 40 | E8: 400 | F8: =ROUND(D8*E8,0) | G8: Подрозетники и установочные коробки. Смесь — заказчика
A9: 1.2 | B9: Штробление и прокладка проводов | C9: м.п. | D9: 60 | E9: 800 | F9: =ROUND(D9*E9,0) | G9: Резка штрабы и укладка провода. Заделка штрабы не входит
A10: 1.3 | B10: Демонтаж 2-го щита | C10: шт. | D10: 1 | E10: 5000 | F10: =ROUND(D10*E10,0) | G10: Снятие щита и отключение его линий
A11: 1.4 | B11: Прозвонка проводов | C11: линия | D11: 40 | E11: 150 | F11: =ROUND(D11*E11,0) | G11: Прозвонка и маркировка линий
A12: 1.5 | B12: Распайка коробок | C12: шт. | D12: 20 | E12: 700 | F12: =ROUND(D12*E12,0) | G12: Соединения в распаечных коробках
A13: Итого по разделу 1. Электромонтажные работы | F13: =SUM(F8:F12)
A14: 2 | B14: Подготовка стен, 1 этаж
A15: Только стены первого этажа. Потолок и второй этаж не входят. Окраска и обои не входят.
A16: 2.1 | B16: Грунтовка стен 1 этажа | C16: м² | D16: 120 | E16: 75 | F16: =ROUND(D16*E16,0) | G16: Один слой. Площадь стен за вычетом проёмов
A17: 2.2 | B17: Шпаклёвка, 2 слоя | C17: м² | D17: 120 | E17: 450 | F17: =ROUND(D17*E17,0) | G17: Два слоя под обои или окраску
A18: 2.3 | B18: Вышкуривание | C18: м² | D18: 120 | E18: 100 | F18: =ROUND(D18*E18,0) | G18: Шлифовка шпаклёвки. Абразив — заказчика
A19: Итого по разделу 2. Подготовка стен, 1 этаж | F19: =SUM(F16:F18)
A20: 3 | B20: Откосы, подоконники, короб над печкой
A21: Изделия и листовой материал — заказчика. Чистовая окраска этих узлов не входит.
A22: 3.1 | B22: Устройство откосов в дверном блоке | C22: м.п. | D22: 6 | E22: 1500 | F22: =ROUND(D22*E22,0) | G22: Один дверной блок: стойки и вершник
A23: 3.2 | B23: Монтаж дубовых подоконников | C23: шт. | D23: 4 | E23: 2500 | F23: =ROUND(D23*E23,0) | G23: Подгонка и крепление. Масло и лак не входят
A24: 3.3 | B24: Устройство короба над печкой | C24: компл. | D24: 1 | E24: 11000 | F24: =ROUND(D24*E24,0) | G24: Каркас и обшивка. Чистовая отделка короба не входит
A25: Итого по разделу 3. Откосы, подоконники, короб над печкой | F25: =SUM(F22:F24)
A26: 4 | B26: Котельная: трубы, коллекторы, бойлер
A27: Гидравлическая часть. Котёл не монтируется и не запускается. Бойлер электрически не подключается.
A28: 4.1 | B28: Укладка труб до котла | C28: м.п. | D28: 15 | E28: 800 | F28: =ROUND(D28*E28,0) | G28: Прокладка и крепление трассы. Пуск котла не входит
A29: 4.2 | B29: Монтаж коллекторов, фильтра и подключение труб | C29: компл. | D29: 1 | E29: 15000 | F29: =ROUND(D29*E29,0) | G29: Сборка узла и подключение труб. Оборудование — заказчика
A30: 4.3 | B30: Обвязка бойлера | C30: компл. | D30: 1 | E30: 9000 | F30: =ROUND(D30*E30,0) | G30: Обвязка по воде. Электроподключение не входит
A31: Итого по разделу 4. Котельная: трубы, коллекторы, бойлер | F31: =SUM(F28:F30)
A33: ИТОГО РАБОТЫ | F33: =F13+F19+F25+F31 | G33: без материалов
A34: Двести тридцать тысяч рублей 00 копеек
A35: Объёмы договорные и приняты под итог 230 000 ₽. Если на объекте количество другое — строка считается как новое количество × расценка. Дата сметы 05.10.2026. Срок действия 30 дней.

Sheet Объёмы
A1: ДОГОВОРНЫЕ ОБЪЁМЫ · ПОД ИТОГ 230 000 ₽
A3: Количество ниже — основание цены, а не результат обмера. На объекте Симагино строка пересчитывается, если фактический объём отличается: новое количество × расценка листа «Смета».
A5: № | B5: Показатель | C5: Объём | D5: Пункт сметы | E5: Пояснение
A6: 1 | B6: Стены 1 этажа под грунт, шпаклёвку и шлифовку | C6: 120 м² | D6: п. 2.1–2.3 | E6: За вычетом проёмов. Потолок не считается
A7: 2 | B7: Штрабы с укладкой провода | C7: 60 м.п. | D7: п. 1.2 | E7: Штробление и прокладка одной строкой
A8: 3 | B8: Коробки под вмазку | C8: 40 шт. | D8: п. 1.1 | E8: Подрозетники и установочные коробки
A9: 4 | B9: Линии на прозвонку | C9: 40 линий | D9: п. 1.4 | E9: С маркировкой
A10: 5 | B10: Распаечные коробки | C10: 20 шт. | D10: п. 1.5 | E10: Соединения внутри коробки
A11: 6 | B11: Второй электрический щит | C11: 1 шт. | D11: п. 1.3 | E11: Только демонтаж
A12: 7 | B12: Откосы дверного блока | C12: 6 м.п. | D12: п. 3.1 | E12: Один блок, стойки и вершник
A13: 8 | B13: Дубовые подоконники | C13: 4 шт. | D13: п. 3.2 | E13: Изделия заказчика
A14: 9 | B14: Короб над печкой | C14: 1 компл. | D14: п. 3.3 | E14: Каркас и обшивка
A15: 10 | B15: Трасса труб до котла | C15: 15 м.п. | D15: п. 4.1 | E15: Без установки котла
A16: 11 | B16: Коллекторы и фильтр | C16: 1 компл. | D16: п. 4.2 | E16: Монтаж узла и подключение труб
A17: 12 | B17: Бойлер | C17: 1 компл. | D17: п. 4.3 | E17: Гидравлическая обвязка

Sheet Условия
B1: УСЛОВИЯ СМЕТЫ
B4: Цена
B5: 1. | C5: Итог 230 000 ₽ — стоимость работ по 14 пунктам перечня.
B6: 2. | C6: Материалы, оборудование, доставка и подъём в эту сумму не входят.
B7: 3. | C7: НДС не выделен.
B9: Объёмы
B10: 4. | C10: Стены первого этажа приняты 120 м² — одна и та же площадь на грунт, два слоя шпаклёвки и шлифовку.
B11: 5. | C11: Штраба с проводом — 60 м.п. Вмазка — 40 коробок. Распайка — 20 коробок. Прозвонка — 40 линий.
B12: 6. | C12: Откосы — 6 м.п. одного дверного блока. Дубовые подоконники — 4 шт. Короб над печкой — 1.
B13: 7. | C13: Трасса до котла — 15 м.п. Коллекторы с фильтром — 1 узел. Обвязка бойлера — 1.
B15: Границы работ
B16: 8. | C16: Штробление включает резку и укладку провода. Заделка штрабы штукатуркой не входит.
B17: 9. | C17: Демонтаж касается второго щита. Сборка и установка нового щита не входят.
B18: 10. | C18: Шпаклёвка — два слоя под обои или окраску. Сама окраска и обои не входят.
B19: 11. | C19: Подоконники монтируются без покрытия маслом или лаком.
B20: 12. | C20: Короб над печкой — каркас и обшивка, без чистовой отделки.
B21: 13. | C21: Трубы доводятся до котла. Сам котёл не ставится и не запускается.
B22: 14. | C22: Обвязка бойлера — по воде. Электрическое подключение бойлера не входит.
B23: 15. | C23: Потолки, второй этаж и вывоз мусора не входят.
B25: Порядок
B26: 16. | C26: Скрытые линии прозваниваются и распаиваются до закрытия коробок.
B27: 17. | C27: Срок действия расценок — 30 дней с даты сметы.
B28: 18. | C28: Оплата и календарный график фиксируются в договоре, не в этой смете.

Sheet Материалы заказчика
A1: МАТЕРИАЛЫ ЗАКАЗЧИКА · В 230 000 ₽ НЕ ВХОДЯТ
A3: Список для закупки. Цены материалов здесь нет: смета считает только работу.
A5: № | B5: Группа | C5: Что подготовить
A6: 1 | B6: Электрика | C6: Подрозетники, распаечные коробки, алебастр или гипс
A7: 2 | B7: Электрика | C7: Кабель и провод, клеммы для распайки
A8: 3 | B8: Стены | C8: Грунт
A9: 4 | B9: Стены | C9: Шпаклёвка на два слоя
A10: 5 | B10: Стены | C10: Абразивная сетка и наждачная бумага
A11: 6 | B11: Откосы | C11: Смесь или листы, профиль и уголки на один дверной блок
A12: 7 | B12: Подоконники | C12: Дубовые подоконники, 4 шт., крепёж и пена
A13: 8 | B13: Печка | C13: Брусок или профиль и обшивка короба над печкой
A14: 9 | B14: Котельная | C14: Труба, фитинги и крепёж трассы до котла
A15: 10 | B15: Котельная | C15: Коллекторы, фильтр, краны и фитинги узла
A16: 11 | B16: Котельная | C16: Комплект обвязки бойлера: краны, группа безопасности, американки
A18: Инструмент исполнителя (штроборез, шлифмашина, паяльник, пресс) заказчик не покупает.
